,DF,DF_acc,Fmax,Fmax_acc,SF,gender,height,id,mass,speed,stride_frequency_acc,tc,tc_acc,tce,tce_acc,tf,tf_acc,tfe,tfe_acc
0,39.48660877302608,36.12856722667789,2.206895843993626,2.3867655453618757,1.3206515733535718,1.0,1.814,1.0,71.0,9.0,1.3217363598531593,299.00000000000006,273.35521,185.50000000000003,184.10012,79.49999999999997,104.83148500000001,193.24999999999994,194.56429000000003
1,34.61427325256805,34.77731524774278,2.4437506498829884,2.551213047910295,1.3250260337221271,1.0,1.814,1.0,71.0,11.0,1.3268676891036313,261.25,262.11292,173.75000000000017,183.52653000000004,116.25000000000003,114.451515,203.74999999999983,192.99750499999996
2,32.02638957600974,34.38106871074503,2.5577345907452864,2.5903348623853213,1.3443060426568278,1.0,1.814,1.0,71.0,13.0,1.344604152852724,238.24999999999986,255.72586499999997,163.24999999999994,180.69311499999998,133.75000000000006,116.12761500000002,208.75000000000006,191.162855
3,35.330573244622755,35.86597944878981,2.526297356070736,2.5792385321100917,1.2419439578564346,1.0,1.845,2.0,73.0,9.0,1.2439665365474923,284.49999999999994,288.3362149999999,180.50000000000006,187.63654499999998,117.75,113.438255,221.74999999999986,214.80136999999996
4,34.172582887074284,36.18611663586498,2.5419768651646066,2.437700305810398,1.2921383124199202,1.0,1.845,2.0,73.0,11.0,1.2841062672791848,264.50000000000006,281.79446999999993,174.25000000000006,191.09424,122.49999999999996,107.66150999999999,212.75,198.66449499999996
5,30.89159296032987,35.70364472199483,2.7857084720317213,2.481399592252803,1.2954420767496255,1.0,1.845,2.0,73.0,13.0,1.2945897944556497,238.5,275.7971099999999,162.75,190.77786999999998,147.49999999999994,110.65776000000001,223.25,195.21920999999998
6,42.2766062126553,38.38004651606697,2.0508678459738423,2.22243628950051,1.3180938233924464,1.0,1.768,3.0,67.0,9.0,1.31875947999922,320.7499999999999,291.07514999999995,196.49999999999983,186.13427500000003,58.749999999999986,88.020655,182.75000000000006,193.222885
7,39.33897451067979,38.67748841595731,2.122296459357231,2.2162614678899075,1.3291388643488837,1.0,1.768,3.0,67.0,11.0,1.3297059369850948,296.0,290.90935499999995,193.99999999999983,184.35037999999997,80.25000000000007,84.88151000000002,181.75000000000023,191.76344
8,36.07513963059725,37.39524771752625,2.2818354173384963,2.3043547400611617,1.3652991122422595,1.0,1.768,3.0,67.0,13.0,1.3666832696987672,264.2500000000001,273.655515,181.49999999999991,180.376975,101.74999999999994,92.401195,184.25000000000003,185.784275
9,34.27278796946602,34.9127940765712,2.698214124822902,2.568207951070336,1.377972259556997,1.0,1.77,4.0,68.0,9.0,1.3790505673021083,248.74999999999994,253.17765500000002,147.75,178.40315000000004,114.25000000000004,109.20307500000001,215.00000000000006,184.05872999999997
10,32.355459420809446,35.00380769336236,2.730992308751327,2.55552752293578,1.436433761898632,1.0,1.77,4.0,68.0,11.0,1.4366597408835209,225.25000000000009,243.66966000000002,141.49999999999994,171.74249000000003,122.99999999999989,104.51030499999999,206.50000000000006,176.333865
11,31.629463875507657,35.47798468643513,2.7079096594129335,2.49691997961264,1.5043885211548302,1.0,1.77,4.0,68.0,13.0,1.5041123027549292,210.24999999999991,235.88125,136.74999999999991,163.88473000000002,122.00000000000004,96.555525,195.75000000000009,168.84160500000002
12,38.18493139128939,34.8446429270165,2.2656076142942316,2.5282640163098877,1.4014297575903352,0.0,1.6440000000000001,5.0,53.0,9.0,1.3827026596960337,272.4999999999999,252.07901,174.00000000000003,176.74687,83.75000000000003,109.25772499999998,182.49999999999997,185.06028500000002
13,35.2303010849584,33.928450887978,2.403336444232877,2.6507940876656475,1.4512974443151612,0.0,1.6440000000000001,5.0,53.0,11.0,1.414814184163391,242.74999999999994,239.88803000000001,160.75,172.49402500000002,101.99999999999999,113.09624499999998,184.0,180.83378499999998
14,33.93329838569245,33.715648300042815,2.462781514723136,2.6562329255861363,1.4740004158480182,0.0,1.6440000000000001,5.0,53.0,13.0,1.4913559830234868,230.25,226.10469000000003,156.99999999999997,163.24658999999997,108.74999999999996,108.74782,182.00000000000006,171.54224499999998
15,38.78667691049058,37.19301540074833,2.2299082919989153,2.295543323139653,1.2697211547849523,1.0,1.815,6.0,72.0,9.0,1.2694611308689736,305.5000000000001,293.04440000000005,187.2500000000001,190.591475,87.74999999999989,100.32132999999999,205.99999999999983,201.63376499999998
16,37.475163878590095,37.141567889647675,2.2086024745290067,2.29727624872579,1.3553190507761177,1.0,1.815,6.0,72.0,11.0,1.3550829469179593,276.49999999999983,274.11803000000003,178.74999999999997,180.38221,92.25000000000009,94.93248999999999,190.00000000000003,188.973325
17,33.13669359324111,35.666822782278615,2.486272125176785,2.4473374108053005,1.4160772971073552,1.0,1.815,6.0,72.0,13.0,1.4153568869171174,234.0,252.02547999999996,153.75000000000006,173.4819,119.25,101.6053,199.74999999999986,180.12290000000002
18,34.14055586307401,34.0774364406672,2.521379764325933,2.6873944954128435,1.3414597070486536,1.0,1.796,7.0,64.0,9.0,1.3413379185722833,254.50000000000006,254.074285,162.75000000000003,183.82778999999996,117.99999999999996,118.55651500000002,210.24999999999994,189.051535
19,31.802135406882694,33.686168496510035,2.6524463851963485,2.7588394495412847,1.3619863730195063,1.0,1.796,7.0,64.0,11.0,1.3619114323664627,233.50000000000006,247.34970499999994,157.5,181.156245,133.74999999999997,119.886575,209.75,186.10459999999998
20,29.66959800026754,33.70821548502318,2.7397470683387866,2.7432242609582063,1.42304225885955,1.0,1.796,7.0,64.0,13.0,1.4158918918502983,208.49999999999994,238.08729499999998,146.75000000000003,174.030745,142.75,114.95559499999999,204.49999999999994,178.931035
21,44.034714184929435,39.027457420847824,1.9834601000962735,2.2006228338430165,1.262683774420417,1.0,1.883,8.0,72.0,9.0,1.2633176229136307,348.7500000000001,308.949685,220.00000000000006,193.33421000000004,46.99999999999989,86.802025,176.24999999999994,202.988285
22,40.15503075398597,37.158157857993935,2.120529401404462,2.3150652395514784,1.3081054931237448,1.0,1.883,8.0,72.0,11.0,1.309331926847414,307.00000000000006,283.8036,207.25,186.55251499999997,75.24999999999997,98.04838499999998,175.00000000000006,195.834025
23,37.60332388429511,36.250849753284605,2.24362595332144,2.3678124362895,1.3442470843123309,1.0,1.883,8.0,72.0,13.0,1.34500252972822,279.7499999999999,269.57936499999994,195.0,181.08894500000002,92.25000000000007,101.82872,177.0,190.55309499999998
24,35.16913664085508,37.218570124440504,2.3930632898725,2.282460754332314,1.3185510813693917,1.0,1.811,10.0,79.0,9.0,1.3204794155780044,266.75000000000006,281.87845,176.49999999999997,184.80909499999999,112.24999999999997,96.17046,202.49999999999994,193.53345499999998
25,34.097557751349335,36.63433372481439,2.4517710509366606,2.3275295616717626,1.361098329249014,1.0,1.811,10.0,79.0,11.0,1.3622882970581598,250.5,268.935315,167.25000000000003,179.53185999999997,116.75,97.91382000000002,200.0,187.37321500000002
26,31.255869313601046,36.017313021763634,2.629559849446866,2.403289500509685,1.3923762019312453,1.0,1.811,10.0,79.0,13.0,1.391704322847137,224.5,258.810215,153.50000000000006,176.57844500000004,134.75,100.497365,205.74999999999994,182.46806999999998
27,38.93132531080744,36.574646133228555,2.2983498236621673,2.378117737003058,1.3820144377214183,1.0,1.805,15.0,65.0,9.0,1.3814443846167985,281.74999999999994,264.8012,164.49999999999994,178.35222500000003,80.00000000000006,97.24402,197.50000000000003,183.80534999999998
28,36.527136186418446,36.658178038887016,2.375428316991025,2.360939857288481,1.4493963249860742,1.0,1.805,15.0,65.0,11.0,1.4560671906320155,252.00000000000009,251.78638999999998,154.25000000000006,169.06804499999998,93.24999999999996,91.65709999999999,190.99999999999994,174.72060499999995
29,35.432813856499706,36.587431833721645,2.397713264879134,2.373309378185524,1.5322082764660852,1.0,1.805,15.0,65.0,13.0,1.52827734927869,231.24999999999986,239.441865,144.5,160.716105,95.2500000000001,88.02713500000002,181.74999999999994,166.077065
30,34.10858540187488,34.15416335694693,2.6594949958444105,2.6431427115188586,1.272732721916894,1.0,1.845,17.0,77.0,9.0,1.2731132545592787,268.00000000000006,268.27122499999996,168.24999999999994,192.09957,124.99999999999986,124.69179000000004,224.5,200.91672
31,31.677362593731324,33.751107108558124,2.8008092849542265,2.69145616717635,1.2747950907443342,1.0,1.845,17.0,77.0,11.0,1.2976205167398747,248.50000000000014,260.10204,162.75000000000006,188.22106000000002,143.74999999999986,125.12839000000001,229.49999999999991,197.01712999999998
32,31.091341457504654,33.777530589404016,2.9298328755942045,2.674955147808359,1.3518972539605854,1.0,1.845,17.0,77.0,13.0,1.3521604157904075,229.99999999999994,249.814955,148.75000000000006,180.26761000000002,139.75000000000006,119.965975,221.24999999999994,189.38850000000002
33,32.856627953813906,36.2485320993373,2.578045174760917,2.4243817533129457,1.3303373062847477,0.0,1.705,18.0,64.0,9.0,1.3303793922482083,247.0,272.48987999999997,162.75000000000003,185.46874499999998,128.75,103.21801,212.74999999999994,190.30946999999998
34,31.41410251583403,36.2540200137026,2.657108394162713,2.41060244648318,1.3899961148012798,0.0,1.705,18.0,64.0,11.0,1.390518327207778,225.99999999999991,260.76196000000004,158.24999999999997,176.958495,133.75000000000003,98.18212000000001,201.25000000000003,182.10640999999998
35,30.964539698593363,37.57791260561259,2.638045097631618,2.2992380224260964,1.4521206349283051,0.0,1.705,18.0,64.0,13.0,1.4533631698014247,213.25000000000006,258.58260499999994,148.25,169.58356999999998,130.74999999999991,85.30571,195.50000000000003,174.47983
36,39.74606059257014,35.866793529558116,2.3413838790024384,2.4507008154943937,1.3171996435634568,1.0,1.768,19.0,82.0,9.0,1.3186193567340923,301.75,272.013945,182.00000000000017,186.32999999999998,78.00000000000003,107.3539,197.2499999999998,192.79259
37,37.48930126858473,35.34768251727757,2.449001836911897,2.5154342507645255,1.3659994051347266,1.0,1.768,19.0,82.0,11.0,1.3648612597839138,274.5,259.01183499999996,170.49999999999994,179.68482500000002,91.49999999999991,107.21474999999998,195.50000000000006,186.49945999999994
38,33.91978634401791,34.99235188156874,2.614016442074584,2.5674159021406724,1.373241214888762,1.0,1.768,19.0,82.0,13.0,1.3730853663904612,246.99999999999994,254.85299999999998,162.74999999999997,178.87883,117.25000000000003,109.55624500000002,201.49999999999997,185.604135
39,40.344131977092225,35.77061649479197,2.1943947873742564,2.2198012232415896,1.3184726552766715,1.0,1.875,20.0,83.0,9.0,1.3183956550358054,306.0000000000003,271.32443,192.25000000000006,177.00200500000003,72.9999999999998,107.905035,186.75000000000003,202.54305
40,37.459994097975894,34.84453271248142,2.332890244258112,2.3007150866462793,1.3648077259623586,1.0,1.875,20.0,83.0,11.0,1.3668116398404184,274.5,254.95374499999997,177.99999999999994,170.77740499999996,91.74999999999996,110.85066000000002,188.25000000000014,195.549955
41,33.552938536472155,34.306548263646405,2.498468254947701,2.308557084607543,1.4400648469567572,1.0,1.875,20.0,83.0,13.0,1.4431461330598752,232.99999999999991,237.75145500000002,158.50000000000003,160.66182999999995,114.00000000000007,108.45356000000001,188.50000000000003,185.81911499999998
42,42.116614735656086,38.3784764955696,2.144985631811882,2.2121238532110086,1.3923620976635807,1.0,1.81,21.0,67.0,9.0,1.3928368697077027,302.50000000000006,275.550555,177.99999999999997,176.29452999999995,56.749999999999986,83.40560500000001,180.99999999999997,182.86262000000002
43,35.75198809960136,36.08696441837338,2.4282717592874525,2.4055295616717634,1.450401727214246,1.0,1.81,21.0,67.0,11.0,1.4488438849602028,246.49999999999994,249.08463,159.75000000000006,169.792985,98.50000000000004,96.154145,185.49999999999994,175.466825
44,34.299824724759176,36.21906777970634,2.4736605676245356,2.3829505606523953,1.4488074819141081,1.0,1.81,21.0,67.0,13.0,1.4510394520703822,236.74999999999994,249.61459500000007,157.75000000000003,168.81944,108.25,94.94540500000001,187.25,175.91857
45,39.397484781782296,37.66394856589318,2.3178564058236595,2.2956722731906214,1.2419192780815163,1.0,1.895,23.0,91.0,9.0,1.2423918343547435,317.25000000000006,303.17105000000004,192.25000000000003,196.40694,85.50000000000004,99.29420499999999,210.5,206.383005
46,36.87562495246951,36.897848062413786,2.4114897902726997,2.3262986748216106,1.283774446031359,1.0,1.895,23.0,91.0,11.0,1.2816194831529133,287.25,287.94299000000007,183.50000000000003,190.62662500000002,102.49999999999996,102.63758499999999,205.99999999999994,199.62147
47,33.48736192406893,36.03192660815782,2.582367952696438,2.3911284403669724,1.3185361253952952,1.0,1.895,23.0,91.0,13.0,1.318172804218242,254.0,273.35669500000006,168.99999999999997,184.72248499999998,125.25000000000003,106.00715500000001,210.25,194.40859999999995
48,39.86325485395936,37.314802473851486,2.1576121997820685,2.2992446483180426,1.3652354889280456,1.0,1.785,24.0,63.0,9.0,1.364450341439054,292.0,273.49227499999995,187.0,179.920875,74.25,92.98898499999999,179.25,186.460025
49,34.6880211493886,35.33139277377656,2.4620438961297935,2.4809734964322114,1.421594938985053,1.0,1.785,24.0,63.0,11.0,1.4212189164405788,243.99999999999991,248.60543500000003,165.49999999999994,172.37534,107.50000000000007,103.25659499999999,186.00000000000006,179.98837999999998
50,32.643224001143956,35.270081502993676,2.5818037052252985,2.49539245667686,1.452526416399938,1.0,1.785,24.0,63.0,13.0,1.4526987336893176,224.75,242.80502,155.25,168.46893000000003,119.5,101.43690999999998,189.0,175.557045
51,41.076569062561745,35.742964777547215,2.1978035486899357,2.414404689092762,1.3456213733174665,1.0,1.75,25.0,69.0,9.0,1.343664024013084,305.25000000000006,266.026355,173.00000000000009,181.36934000000002,66.25000000000003,106.13569,198.74999999999994,191.07174
52,38.19185317383695,35.2736035070186,2.2769438721858313,2.4605050968399595,1.4211457545056927,1.0,1.75,25.0,69.0,11.0,1.4215937317623275,268.74999999999994,248.1467199999999,160.99999999999991,171.43015999999997,83.00000000000003,103.57416500000002,190.75000000000003,180.15857499999998
53,35.55091815815251,34.95494328611422,2.3977385417121413,2.481649337410805,1.4349247016601185,1.0,1.75,25.0,69.0,13.0,1.4346739385632645,247.75,243.67685499999993,155.75000000000003,169.29194999999999,100.74999999999997,104.73812500000001,192.75000000000006,179.06555999999998
54,38.34511564035375,37.11556301777731,2.162371265725565,2.348212028542304,1.3361011103154028,1.0,1.75,26.0,66.0,9.0,1.3339057090262512,287.0,278.253925,181.24999999999972,185.14212500000002,87.24999999999993,96.73328000000001,193.00000000000034,189.90703499999998
55,35.743459497854204,36.27613666746119,2.3194475395131167,2.4180662589194695,1.3827154618031197,1.0,1.75,26.0,66.0,11.0,1.3827867971551133,258.5000000000001,262.36616000000004,169.00000000000009,178.18782499999998,103.24999999999993,98.979605,192.74999999999997,182.97657999999998
56,34.5709246343283,36.697545285506955,2.3402026694888134,2.37672120285423,1.4037946706912576,1.0,1.75,26.0,66.0,13.0,1.4059093465706496,246.24999999999991,261.07827499999996,166.25000000000003,175.08191499999998,110.25000000000007,94.21364500000001,190.25000000000003,180.6431
57,41.333051152984524,39.18640204368303,2.080402803916509,2.15794750254842,1.485490337032439,0.0,1.74,27.0,57.0,9.0,1.4852883481855896,278.2499999999999,263.8343100000001,167.00000000000003,164.825515,58.250000000000036,72.71291999999998,169.75000000000006,171.58726499999997
58,38.92421826388143,38.10764668750213,2.1642811210014323,2.216985219164118,1.517560789923364,0.0,1.74,27.0,57.0,11.0,1.5180645724864479,256.50000000000006,251.03692500000002,162.49999999999997,161.24405499999997,73.00000000000003,78.30657499999998,167.25,168.30202
59,35.42138632372939,37.061847181278665,2.3012875978016547,2.2426467889908257,1.536818517781703,0.0,1.74,27.0,57.0,13.0,1.5368382788948272,230.5,241.16571999999996,155.25,157.61941500000006,95.00000000000001,84.24374499999999,170.00000000000006,167.795385
60,31.63173434317742,34.47016648854107,2.8448903002920107,2.6384240570846074,1.379842032475476,1.0,1.764,28.0,56.0,9.0,1.3819389284802335,229.24999999999994,249.45201000000003,142.50000000000003,177.30772000000002,132.99999999999994,112.23817500000003,219.99999999999994,184.608545
61,28.555207115949873,34.48812074086687,3.0096758430496555,2.6398735983690105,1.3879846246203105,1.0,1.764,28.0,56.0,11.0,1.3882211236997557,205.74999999999991,248.439545,136.5,177.052255,154.50000000000006,111.73957000000003,223.75000000000006,182.616555
62,26.97009615777709,34.49952736322713,3.1336397124438418,2.6390519877675835,1.4327044509496143,1.0,1.764,28.0,56.0,13.0,1.4328486562564826,188.24999999999997,240.78026000000006,127.50000000000007,171.7243,160.75000000000006,108.23369500000001,221.24999999999994,177.361195
63,38.14174031633416,37.067315148811936,2.288904458679153,2.3240881753312945,1.2599271384596826,1.0,1.784,29.0,67.0,9.0,1.2624270017500943,302.75000000000006,293.63732,190.75,193.04304499999998,93.75000000000006,102.33674,205.75,203.43286500000005
64,34.95856251295685,36.15494667084335,2.4541933723686595,2.3971656472986744,1.3179909421651779,1.0,1.784,29.0,67.0,11.0,1.3170532053813093,265.25000000000006,274.522845,176.74999999999994,185.50484999999995,113.99999999999996,104.90630999999999,202.75,193.92519499999997
65,32.41510010343587,35.70493975524276,2.627744999812831,2.433259429153924,1.3150091099950656,1.0,1.784,29.0,67.0,13.0,1.314422004399635,246.5,271.645085,169.7499999999999,186.10341499999998,133.75,108.74729500000001,210.50000000000014,194.35829500000003
66,36.814639883173285,35.544087923310514,2.4159594492583,2.4716819571865445,1.3423912163553298,0.0,1.71,30.0,56.0,9.0,1.3427748110568696,274.2500000000001,264.72844,164.75000000000003,183.17223,98.49999999999989,107.82290499999999,207.99999999999991,189.634375
67,33.63110778352191,34.62790333043846,2.5675772874620675,2.579135575942915,1.3770850953353144,0.0,1.71,30.0,56.0,11.0,1.375708022295543,244.24999999999994,251.71851999999998,154.5,178.373175,119.00000000000003,111.34815,209.00000000000006,184.94323
68,30.81218940883308,34.27061360498611,2.7036581164956566,2.6251427115188584,1.4134947062726506,0.0,1.71,30.0,56.0,13.0,1.414152014481638,217.99999999999986,242.34211499999998,147.7499999999999,173.527525,135.50000000000017,111.110285,205.50000000000009,179.75415500000003
69,37.565340261446885,35.32871985481073,2.4030123186000623,2.4964892966360854,1.3597259494487044,1.0,1.76,31.0,69.0,9.0,1.3607739374480499,276.25,259.62966500000005,165.25000000000003,180.24759,91.24999999999997,107.66551999999999,202.24999999999997,187.16832
70,32.15303317345248,34.63933454120509,2.7147313994670887,2.5873058103975533,1.396483278964511,1.0,1.76,31.0,69.0,11.0,1.3976138492362715,230.25000000000014,247.89148500000002,149.75000000000003,175.66844500000002,127.99999999999996,109.98472,208.50000000000006,182.173335
71,28.98381291513804,34.37278077427638,2.9721324642397278,2.604991335372069,1.4036225483762506,1.0,1.76,31.0,69.0,13.0,1.403747286598613,206.50000000000006,244.87614000000002,140.25000000000006,174.25533000000001,149.49999999999994,111.12360000000001,215.74999999999991,181.567905
72,37.98172202171795,35.83203493424444,2.2693807755638824,2.4516707441386343,1.3504815491642215,0.0,1.7730000000000001,32.0,68.0,9.0,1.3516797703315224,281.25,265.14181,176.74999999999994,181.71664,89.25,104.60454499999999,193.50000000000009,188.32010499999998
73,35.78796152249151,35.606608936973615,2.3634091521848624,2.4649821610601426,1.3633780262095263,0.0,1.7730000000000001,32.0,68.0,11.0,1.3638977964476675,262.5,261.07972,173.0000000000001,179.93855000000002,104.25,105.551405,193.99999999999997,187.127175
74,33.58784706698024,35.5157562921634,2.431832962728526,2.457677370030581,1.4524873464679633,0.0,1.7730000000000001,32.0,68.0,13.0,1.4519275637937397,231.24999999999994,244.61761,157.25000000000006,168.626045,112.75000000000003,99.49354000000001,186.74999999999997,175.44840000000002
75,43.98041865140841,39.725466284121325,2.069901672363435,2.174865953109072,1.2852254172157047,1.0,1.956,34.0,82.0,9.0,1.2763544686669839,342.50000000000006,311.458185,189.7499999999999,193.194865,47.24999999999989,80.69645499999999,200.50000000000014,198.94460499999997
76,37.20498820076751,36.02558379427647,2.487755526300729,2.4409571865443422,1.3895480312948558,1.0,1.956,34.0,82.0,11.0,1.389388864159787,267.7500000000001,259.30665500000003,155.25000000000006,177.38142999999997,92.24999999999994,100.7368,205.24999999999994,183.128195
77,34.28566078460072,35.72096332952897,2.6338855987419496,2.4767553516819567,1.409792943198333,1.0,1.956,34.0,82.0,13.0,1.4089346598575543,243.24999999999994,253.56405000000004,149.25000000000003,174.22629000000006,112.25000000000003,101.266515,206.5,180.53022500000003
78,39.03869901426087,34.92005285042669,2.508626398667537,2.5452370030581037,1.3794424025653156,1.0,1.797,35.0,70.0,9.0,1.3798630996678376,282.9999999999999,253.08500999999995,155.25000000000006,177.87029499999997,79.25000000000006,109.069885,207.25,184.42871000000005
79,34.29310181141336,33.98399090157122,2.7442464791175523,2.6801274209989807,1.3997171788045795,1.0,1.797,35.0,70.0,11.0,1.3997346494543834,245.00000000000009,242.79897,144.50000000000006,175.36153000000002,111.99999999999996,114.30633999999998,212.49999999999994,181.659995
80,31.34373108896427,33.638587210040114,2.8621916229520163,2.7229994903160035,1.4493739779850578,1.0,1.797,35.0,70.0,13.0,1.4496337182841366,216.25000000000006,232.054805,136.25000000000006,168.84603999999996,128.99999999999997,112.636795,208.74999999999994,175.55343499999998
81,41.29117777933813,37.09147113058018,2.2442404959767557,2.3258695208970437,1.464265426445477,1.0,1.79,36.0,74.0,9.0,1.4631515383663085,281.99999999999994,253.50728500000008,163.0,168.548605,59.749999999999986,88.46337500000001,179.0,174.57193999999998
82,36.938945025071305,36.3880171756153,2.3403449685474658,2.4003470948012233,1.4805303922475042,1.0,1.79,36.0,74.0,11.0,1.4809560530362296,249.49999999999994,245.72742,159.5,166.372595,88.25000000000003,91.899105,178.24999999999997,171.31295000000006
83,36.3834710067719,36.437368647542286,2.367286963227518,2.389771661569827,1.561678877785115,1.0,1.79,36.0,74.0,13.0,1.561873372485182,233.0,233.31313500000002,150.50000000000003,157.87253500000006,87.25000000000001,86.7294,169.50000000000003,162.97863499999997
84,39.49857186908742,36.31713188387339,2.306188868105523,2.392385321100918,1.3861085625819043,1.0,1.672,37.0,70.0,9.0,1.3872051030427008,285.00000000000006,261.826595,171.00000000000009,176.96501500000005,75.24999999999997,98.30642499999998,189.24999999999994,183.35195
85,35.98130381549928,35.593454189373084,2.4610531838060754,2.4633939857288483,1.4126077829057773,1.0,1.672,37.0,70.0,11.0,1.412248535935646,254.74999999999994,252.051855,163.49999999999994,173.92744,99.50000000000006,101.945165,190.75000000000009,180.03445499999998
86,33.67370535964308,35.26981199913176,2.5471851449624974,2.497147298674821,1.4577851275211589,1.0,1.672,37.0,70.0,13.0,1.4600056487619173,231.00000000000009,241.58283999999995,153.50000000000003,167.941175,111.74999999999993,100.85142999999998,189.0,174.148275
87,33.13480119529994,36.3488072080658,2.5586569859844457,2.4133098878695214,1.2709130743035844,1.0,1.725,38.0,59.0,9.0,1.2719683731146267,260.74999999999994,285.80334000000005,176.24995000000007,192.19302000000002,133.00000000000006,106.99619499999997,217.50004999999996,200.28169499999998
88,33.11486127985765,36.56092889139552,2.5951568271808574,2.377426605504587,1.339281250713026,1.0,1.725,38.0,59.0,11.0,1.3413306592576046,247.24999999999994,272.60534,165.5,183.23240500000003,126.25,99.75847000000002,207.75,189.34518999999997
89,30.204367386266455,36.17956615268307,2.7822421246377496,2.4169235474006117,1.3699401420064083,1.0,1.725,38.0,59.0,13.0,1.3723552955629017,220.49999999999994,263.67193499999996,152.75000000000009,179.25008499999996,144.25000000000009,100.16935500000002,211.99999999999991,184.761755
90,44.44873887032493,39.99923855164746,1.93247022833921,2.1326406727828746,1.4412919895070222,1.0,1.8,39.0,70.0,9.0,1.4411785480005084,308.5000000000001,277.76634499999994,178.99999999999997,170.19182,39.000000000000014,69.41456499999998,168.50000000000006,176.975315
91,39.448928332665176,38.04431612236889,2.1979192882685044,2.2388022426095815,1.3907196997647575,1.0,1.8,39.0,70.0,11.0,1.3902793496695476,283.74999999999994,273.69472499999995,181.75,176.08941,75.25000000000003,85.41919,178.25000000000006,182.97922
92,36.613301151548576,37.27674979598279,2.3497309674707436,2.3032334352701325,1.3610795525786754,1.0,1.8,39.0,70.0,13.0,1.361847830494584,269.0,273.72789000000006,176.99999999999994,180.17037499999998,98.49999999999997,93.244015,188.75000000000003,186.67644
93,40.540620771876796,37.98376927675754,2.088622633393713,2.2473786952089703,1.3194917118034426,1.0,1.795,40.0,75.0,9.0,1.320740017913884,307.25,287.62758999999994,196.24999999999997,185.485885,71.75000000000006,90.83519,183.00000000000003,193.59757499999998
94,38.31488062930977,37.0704772998692,2.1776582059226834,2.325472986748216,1.4164985449072955,1.0,1.795,40.0,75.0,11.0,1.4171343035762003,270.50000000000006,261.59783,176.74999999999994,173.30836999999997,82.49999999999986,91.134515,176.00000000000009,179.75351
95,35.66762198971675,36.3703967529161,2.2784928986259185,2.3911284403669724,1.460585734745417,1.0,1.795,40.0,75.0,13.0,1.4601640613417095,244.25,249.12639000000004,166.25000000000006,168.32622499999997,97.74999999999996,93.148005,175.75,173.76774499999996
96,38.59287904159353,37.31433278697596,2.2471659794149828,2.2875300713557594,1.3661610720454094,0.0,1.69,41.0,56.0,9.0,1.3672862495451616,282.4999999999999,272.911355,178.5,179.38114000000002,83.5,92.71939,187.5,186.77112000000005
97,36.45719383378582,36.71592736795527,2.3369054528783657,2.311863914373089,1.414542513059145,0.0,1.69,41.0,56.0,11.0,1.4121254247705632,257.75000000000006,260.014025,170.75000000000009,172.67146000000002,95.99999999999999,93.95776499999998,182.9999999999999,181.56770999999998
98,34.49820819763868,36.472547153940106,2.385110056570844,2.3320101936799182,1.487075354156358,0.0,1.69,41.0,56.0,13.0,1.4878871690024886,232.0,245.14765000000006,157.75,163.81745999999998,103.99999999999993,90.837335,178.25,171.98471500000005
99,36.25523744478936,36.573861638863605,2.463689921369219,2.390749745158002,1.2935385905666632,1.0,1.7269999999999999,42.0,70.0,9.0,1.2935732842330334,280.24999999999994,282.891965,173.5,189.78216499999996,106.00000000000003,103.10228500000001,213.24999999999994,196.92116999999996
100,32.67592692349419,36.3441647290081,2.6623988508865053,2.445309378185525,1.2714857497349907,1.0,1.7269999999999999,42.0,70.0,11.0,1.2706809568416173,257.0,286.08496499999995,170.24999999999994,191.01918999999998,136.75000000000006,107.578635,223.75000000000006,203.04819
101,30.803024528688745,35.725532686981964,2.7837198520714153,2.472194699286442,1.4427353715659372,1.0,1.7269999999999999,42.0,70.0,13.0,1.4463225948685556,213.49999999999994,247.03052999999994,143.50000000000003,170.18672499999997,132.74999999999997,98.41927999999999,202.74999999999994,175.310675
102,35.18215952815424,35.52072521020496,2.621149461797026,2.506964322120285,1.3214880956449035,1.0,1.89,43.0,79.0,9.0,1.3216705392224084,266.25000000000006,268.76347999999996,159.49999999999983,186.02250499999997,112.0,109.43654000000001,218.75000000000017,192.039905
103,33.43538638681271,35.33002534170389,2.7034503312941722,2.5284658511722733,1.3536865895696457,1.0,1.89,43.0,79.0,11.0,1.3535694453077456,246.99999999999991,261.02451499999995,153.75,181.881585,122.50000000000009,108.28728999999998,216.00000000000006,187.54415
104,33.53661262379087,35.57865225426623,2.7350003553546736,2.513205912334352,1.394264543669595,1.0,1.89,43.0,79.0,13.0,1.3904737811734125,240.5,255.88459000000003,151.99999999999997,177.719345,118.5,103.916435,207.25000000000006,182.01995
105,35.97021051287112,36.11704991197908,2.4388906425165984,2.392735474006116,1.3299250978837691,0.0,1.672,44.0,61.0,9.0,1.3301117107313352,270.4999999999999,271.55953,176.75000000000009,184.180555,105.49999999999996,104.392665,199.49999999999994,191.64233500000003
106,33.87306391448289,35.79243590514196,2.5431134784459557,2.425644750254841,1.3482198538766128,0.0,1.672,44.0,61.0,11.0,1.3489498051251352,251.25,265.34602499999994,169.00000000000006,181.54727,119.75000000000003,105.32836,201.99999999999994,189.11837999999997
107,30.6905953452924,35.420909208382746,2.715684615909438,2.45610499490316,1.4046079115067884,0.0,1.672,44.0,61.0,13.0,1.4037237794706057,218.49999999999991,252.34580499999998,152.75,173.70940499999998,137.75000000000009,103.83014,203.50000000000003,181.88426500000003
108,40.330127563521344,37.154947851776534,2.2837165088586158,2.2913837920489293,1.3158639744689873,1.0,1.89,45.0,71.0,9.0,1.3154650415326001,306.5,282.45549,185.74999999999994,185.909915,73.24999999999996,97.57575999999997,194.2500000000001,194.46623499999998
109,36.60415202184828,35.88694639960664,2.516423592858212,2.410706422018348,1.3569611590734143,1.0,1.89,45.0,71.0,11.0,1.3573775743533443,269.7500000000001,264.40391500000004,168.25000000000003,179.845585,98.49999999999999,103.72753500000002,199.99999999999994,188.32635
110,35.38141489209093,35.779998269586436,2.5399261808353275,2.412682976554536,1.4096512226328304,1.0,1.89,45.0,71.0,13.0,1.410657690858954,251.0,253.65745499999997,162.24999999999997,172.79951499999996,104.0,100.72394000000001,192.75000000000003,181.845125
111,38.3504676909251,35.59797675563736,2.4358327779139315,2.4485112130479103,1.300029408987763,1.0,1.825,46.0,74.0,9.0,1.3022153169517414,295.00000000000006,273.44255,178.25,187.495375,89.49999999999994,110.09508500000001,206.25,196.31061499999998
112,37.02123476131506,35.64161342880659,2.5061521864069802,2.4409816513761466,1.3610606596300636,1.0,1.825,46.0,74.0,11.0,1.360747128734749,271.9999999999999,261.933205,167.74999999999994,179.897215,95.50000000000007,105.52518500000001,199.50000000000009,187.45618000000002
113,33.540360178434476,34.777017616726326,2.5999840692893557,2.54158002038736,1.4504555144122304,1.0,1.825,46.0,74.0,13.0,1.4498359071402007,231.24999999999991,239.88336499999997,150.00000000000003,168.919935,113.50000000000014,105.11379500000001,194.75000000000003,175.918975
114,41.97946589520724,36.98277715910921,2.1627071541664735,2.3245412844036695,1.3316801888987615,1.0,1.79,47.0,76.0,9.0,1.3344834034194486,315.2499999999998,277.17798,187.75000000000017,183.70368,60.00000000000019,97.41572999999997,187.24999999999983,191.13962999999995
115,38.65930902385556,36.12541781530147,2.28130771873408,2.409656982670744,1.3687585757828706,1.0,1.79,47.0,76.0,11.0,1.3691468088555667,282.5,263.932175,178.0,179.55959000000001,82.74999999999993,101.136165,187.25000000000006,185.770435
116,36.55948693861721,35.863915272765986,2.3566654027249068,2.438314475025484,1.4282312972940838,1.0,1.79,47.0,76.0,13.0,1.428351175756227,256.0000000000001,251.11563499999994,167.00000000000009,171.57905999999997,93.99999999999984,98.81867500000001,182.99999999999994,178.61087
117,37.17783330732314,38.17378885192433,2.229051330314136,2.236769622833843,1.3338761867126032,0.0,1.6980000000000002,48.0,54.0,9.0,1.333104291353656,278.75,286.36455500000005,189.74999999999983,184.85626,95.99999999999991,88.92159499999998,185.25000000000023,190.18669999999997
118,32.21887940152348,36.735489636409014,2.4805012274202927,2.3598017329255856,1.3124062354538233,0.0,1.6980000000000002,48.0,54.0,11.0,1.312743997836151,245.49999999999994,279.84923000000003,176.99999999999997,187.86486499999995,135.50000000000003,100.89711499999999,204.00000000000006,192.954185
119,31.56343656220447,36.72819957383418,2.5803314193757045,2.3808914373088683,1.3603225255207974,0.0,1.6980000000000002,48.0,54.0,13.0,1.3625289781399625,231.99999999999994,269.58191,165.25000000000006,180.69728,135.25,97.07039999999999,202.7499999999999,185.99836500000004
120,36.38414428542261,37.60167610673314,2.2764565946420574,2.292205912334352,1.3030343553713173,0.0,1.6869999999999998,49.0,62.0,9.0,1.3054394712218014,279.24999999999994,288.08016999999995,187.74999999999994,188.23485,104.5,94.97310499999998,196.0,195.14215500000006
121,33.5347694776148,36.53899095898357,2.425035713899786,2.388808868501529,1.3482384897783048,0.0,1.6869999999999998,49.0,62.0,11.0,1.3495896559239569,248.75,270.76895,172.25000000000006,182.23415,122.0,99.40590999999999,198.50000000000003,187.97716500000007
122,32.19270053562999,36.64209623392178,2.5090548454149113,2.3741957186544345,1.4010030790772119,0.0,1.6869999999999998,49.0,62.0,13.0,1.4014432836128563,229.74999999999986,261.50669,160.74999999999997,176.11144,127.25000000000007,95.44388999999998,196.00000000000006,180.49280499999998
123,36.0250189875638,34.98334594171705,2.313420970722328,2.5021207951070332,1.2888296040927245,0.0,1.65,50.0,59.0,9.0,1.2908033074722922,279.4999999999999,271.08503,185.74999999999994,188.65296499999997,108.50000000000007,116.17533499999998,201.99999999999997,198.71613499999998
124,33.426027392743535,34.61204658425595,2.4318173162863035,2.5324612640163098,1.323836130917332,0.0,1.65,50.0,59.0,11.0,1.322846615657682,252.50000000000006,261.687205,175.24999999999994,183.72836,125.99999999999996,116.51228499999999,203.25000000000006,194.56021499999994
125,30.995780027056462,34.28250064120648,2.553881307470948,2.4697497451580017,1.4693841959699518,0.0,1.65,50.0,59.0,13.0,1.4706380051321033,211.00000000000006,233.1752,148.75000000000003,162.80526500000002,128.74999999999994,106.615905,190.99999999999997,176.90287500000005
126,37.132036338500164,36.423906210693296,2.3613117311956726,2.4307008154943937,1.253742451874252,1.0,1.795,51.0,60.0,9.0,1.2532437423247642,296.2500000000001,290.66489000000007,188.49999999999994,191.20541999999995,103.24999999999993,108.41112000000001,210.50000000000009,208.092585
127,34.35452367204069,35.633942030377696,2.494709539348666,2.4743542303771666,1.3419616941855765,1.0,1.795,51.0,60.0,11.0,1.3421494932140776,255.99999999999994,265.511815,171.00000000000003,183.433225,116.75,107.33221,201.75,189.16392
128,32.950168010326834,35.63161819828938,2.5908545924808024,2.46958868501529,1.4036023120155576,1.0,1.795,51.0,60.0,13.0,1.402483279224833,234.75,254.07184,160.00000000000006,175.51135000000002,121.75000000000003,102.76083000000001,196.49999999999994,180.94523499999997
129,35.82264947410742,33.987415990504914,2.6409162261433847,2.7161202854230373,1.3884969094773032,1.0,1.798,52.0,67.0,9.0,1.3889981620099328,258.0000000000001,244.694655,152.75000000000009,177.73477499999998,101.99999999999997,115.242815,207.49999999999994,182.16275500000003
130,30.81885954546799,33.605890988225525,2.8605298888344945,2.7972324159021404,1.42356296480429,1.0,1.798,52.0,67.0,11.0,1.422377307430643,216.49999999999991,236.27608,141.49999999999997,173.76621999999998,134.75000000000006,115.25079500000001,209.75,177.705785
131,29.53951721087152,33.81366867235643,2.8802281284345903,2.7735632008154942,1.423628420753057,1.0,1.798,52.0,67.0,13.0,1.4246234663739137,207.50000000000009,237.36863,138.74999999999994,173.79235500000001,143.74999999999983,113.751065,212.25,177.21786500000002
132,37.00031660276519,36.69838434874934,2.319862788458364,2.3607961264016306,1.3214708957825025,1.0,1.716,53.0,65.0,9.0,1.3219056668901479,279.9999999999999,277.62818000000004,180.99999999999991,185.949755,98.50000000000001,100.39645999999999,197.50000000000006,192.495515
133,33.13281022315026,35.67013090624124,2.5661315666903057,2.4711080530071357,1.3495928642870418,1.0,1.716,53.0,65.0,11.0,1.3490717053010846,245.49999999999994,264.40893500000004,164.49999999999994,181.98868000000004,125.25000000000004,105.92962,206.25000000000009,187.844955
134,31.12930550739108,35.476972506972444,2.7522909988299307,2.486644240570846,1.3611044918420585,1.0,1.716,53.0,65.0,13.0,1.3618271692792887,228.75,260.52297500000003,154.5,180.29000000000002,138.74999999999994,106.583105,212.75000000000006,187.2484
135,36.96303174799541,36.21826055302818,2.4594205185622497,2.4158226299694188,1.271202044135016,0.0,1.7280000000000002,54.0,69.0,9.0,1.2729352610541642,290.75000000000006,284.54699999999997,183.25000000000006,191.99076499999995,102.49999999999993,108.12046500000001,209.99999999999994,200.98001000000002
136,35.47851078757921,36.68933415106348,2.4467672930114333,2.3772110091743115,1.3388887535582987,0.0,1.7280000000000002,54.0,69.0,11.0,1.3389277210734178,265.00000000000017,274.047405,175.99999999999991,183.773925,108.74999999999984,99.33218500000001,197.50000000000014,189.83279499999998
137,32.52907614619846,35.646331552312844,2.6866467954306126,2.473440876656473,1.3664865362747356,0.0,1.7280000000000002,54.0,69.0,13.0,1.3654509672699862,238.00000000000009,261.07837500000005,159.99999999999994,181.15492,127.74999999999993,105.19394500000001,205.75000000000006,186.85500499999995
138,32.29889033269226,34.942297896200245,2.837718576586079,2.6094678899082564,1.395263020201745,1.0,1.778,55.0,67.0,9.0,1.3942795207835563,231.49999999999991,250.62159000000003,148.00000000000003,177.59434500000003,127.00000000000009,107.90944999999999,210.5,180.92474499999997
139,30.24707285648492,34.72092496901851,2.984791638778957,2.6431197757390414,1.4200601420078516,1.0,1.778,55.0,67.0,11.0,1.419875354802874,213.0,244.54442500000005,139.49999999999994,174.76995,138.99999999999997,107.47698499999998,212.25,177.35990500000003
140,29.022654356605706,35.040858178775366,3.0673625216485703,2.611486748216106,1.4584365388705072,1.0,1.778,55.0,67.0,13.0,1.4572862185773423,199.00000000000006,240.47142000000002,133.75,170.641885,143.99999999999991,102.85818000000002,209.24999999999994,172.613505
141,34.297453732178305,36.10462564145297,2.5655723408762805,2.5343200815494393,1.312864381585706,1.0,1.8,56.0,77.0,9.0,1.3139845159546062,261.25,274.78652,161.99999999999991,189.83419499999997,119.75,105.76680000000002,218.75000000000009,190.54822999999996
142,32.41253297757195,35.9099613804693,2.7119910942668284,2.5687584097859326,1.3837002432302388,1.0,1.8,56.0,77.0,11.0,1.3845624745088467,234.25,259.366825,149.00000000000009,180.98653500000003,127.0,101.70634,212.24999999999991,180.11379499999995
143,30.95776130602975,36.10448914410277,2.807815289726898,2.555577981651376,1.4399440233821916,1.0,1.8,56.0,77.0,13.0,1.4406452526070832,215.0,250.62425499999995,140.00000000000006,174.29387000000003,132.25,96.44216500000002,206.99999999999994,172.92747500000002
144,32.975411911711944,33.91947070538369,2.5973495274565592,2.695687054026503,1.3099652565869353,0.0,1.72,57.0,63.0,9.0,1.3106657905847512,251.74999999999986,258.81312999999994,164.75000000000003,187.15331499999996,130.00000000000014,122.44774,216.75,194.098315
145,30.23539685512469,33.84753666867505,2.767112866000721,2.737761467889908,1.33361160462057,0.0,1.72,57.0,63.0,11.0,1.336517753575162,226.75,253.27386500000003,157.2500000000001,184.307045,148.24999999999994,120.68999,217.74999999999986,189.79522999999998
146,29.544709438233127,34.13412427962287,2.7814417059386147,2.673088175331295,1.3491456871629977,0.0,1.72,57.0,63.0,13.0,1.3499362049816257,219.0,252.86671500000003,153.5,182.22889,151.75,117.53108,217.00000000000009,188.154625
147,39.339457146754654,36.74690061399311,2.2158518173231845,2.3422415902140665,1.4410760694184037,1.0,1.679,58.0,64.0,9.0,1.4400929127720898,272.99999999999994,255.1975,170.75000000000003,170.399855,73.75000000000003,92.03652499999998,176.50000000000006,176.98332999999997
148,36.59447921715202,36.27455123547165,2.338540195625841,2.4004612640163097,1.5011311163531065,1.0,1.679,58.0,64.0,11.0,1.4968454617787113,243.74999999999986,242.35472,158.75000000000006,164.42109,89.50000000000007,92.115075,174.24999999999994,170.10685999999998
149,35.17191561498963,36.145337478028935,2.3921284376327607,2.401600407747197,1.5427364479712253,1.0,1.679,58.0,64.0,13.0,1.5408385219366951,227.99999999999994,234.59265999999997,152.5,159.142955,96.24999999999999,89.549125,171.75000000000009,165.21284000000003
150,37.92720701289937,34.53008687062709,2.4518815661888396,2.547730377166157,1.3741986712413192,1.0,1.751,59.0,63.0,9.0,1.3736992836366715,275.99999999999994,251.37819999999994,160.25,177.37657,88.24999999999999,112.64528,203.75,186.75023499999998
151,36.88564433213707,34.24161275805381,2.4758877583238954,2.551714576962283,1.4479162761840993,1.0,1.751,59.0,63.0,11.0,1.4471917688716676,254.75000000000006,236.61833000000001,154.00000000000006,167.54934999999998,90.99999999999996,108.888115,191.50000000000003,177.866185
152,33.32590068155158,33.718901305954695,2.6440511508757925,2.645816004077471,1.5338175408391332,1.0,1.751,59.0,63.0,13.0,1.534952248049112,217.24999999999994,219.68449500000003,139.00000000000014,158.40465999999998,108.75000000000004,106.04213499999999,186.74999999999983,167.561965
153,37.401296248386366,35.16258453644226,2.4859677418882664,2.5159475025484195,1.3959649399695757,1.0,1.805,60.0,71.0,9.0,1.3959866807745624,268.0,251.920275,159.24999999999997,176.09434000000005,89.99999999999997,105.974935,198.50000000000006,181.96295
154,34.90400986595903,34.960896612246685,2.5716125391907787,2.561068807339449,1.4261847783894948,1.0,1.805,60.0,71.0,11.0,1.4275025179844663,244.75000000000009,244.91938999999996,152.50000000000003,172.31146500000003,105.99999999999993,105.06842500000002,197.24999999999997,177.858595
155,32.73626145847188,34.71060116709183,2.72178007645333,2.5810642201834857,1.4663961949960134,1.0,1.805,60.0,71.0,13.0,1.4662478430183692,223.25,236.74930000000003,142.2499999999999,167.44173500000002,117.74999999999996,104.1854,198.75000000000009,173.33745000000002
156,34.76345343821374,34.63182113187359,2.622423573743637,2.58467125382263,1.298342607490715,1.0,1.9080000000000001,61.0,69.0,9.0,1.2979089578479464,267.7499999999999,266.83582,167.99999999999997,187.92726,117.50000000000009,118.48222999999999,217.50000000000009,197.54069999999996
157,32.77256339652121,34.48412346778,2.6984690230700386,2.594067278287462,1.333601542968107,1.0,1.9080000000000001,61.0,69.0,11.0,1.333205706866885,245.74999999999991,258.66578,159.24999999999994,183.159895,129.25000000000006,116.43667,216.00000000000006,192.03289
158,30.016278146007966,34.23504086294323,2.9063798656866253,2.611622324159021,1.3505751367468097,1.0,1.9080000000000001,61.0,69.0,13.0,1.3509749734581906,222.24999999999983,253.41774999999998,150.2500000000002,180.752865,147.75000000000014,116.657925,219.99999999999986,189.27617000000004
159,41.12608612897937,38.51547801408704,2.202755400459326,2.216433231396534,1.365286779940265,1.0,1.8530000000000002,62.0,82.0,9.0,1.3661853127698382,301.25000000000006,281.94435999999996,181.74999999999997,179.57568499999996,64.75,83.89472,184.5,186.43823
160,36.86939472709776,37.36465991212791,2.357927846252184,2.304151376146789,1.3861282482669517,1.0,1.8530000000000002,62.0,82.0,11.0,1.3859572252752363,266.0000000000001,269.598965,171.99999999999997,177.08370499999998,94.99999999999989,91.27349999999998,189.00000000000006,183.96435499999998
161,34.083030052092944,36.75740446595983,2.497379180806474,2.3610805300713555,1.398190594219654,1.0,1.8530000000000002,62.0,82.0,13.0,1.398454583411221,243.74999999999994,262.848305,164.5,175.57188000000002,113.74999999999997,94.60201000000004,192.99999999999997,181.64727000000002
162,34.99672330192307,34.609231646780486,2.465297553243229,2.586605504587156,1.4056209496851406,1.0,1.827,63.0,70.0,9.0,1.4061438551244387,248.99999999999994,246.162745,157.50000000000009,174.629825,106.50000000000004,109.248315,197.74999999999994,180.787705
163,33.15785158802841,34.74952503506657,2.5848365677468945,2.5740091743119264,1.4155204541404725,1.0,1.827,63.0,70.0,11.0,1.414879670427935,234.25000000000014,245.61463000000003,153.7500000000002,173.28298999999998,119.24999999999993,107.74283499999999,200.24999999999977,180.36885
164,32.00581414543089,34.93312617361057,2.6119892136759892,2.5494490316004077,1.4616268626451905,1.0,1.827,63.0,70.0,13.0,1.4629567865467759,219.0,238.80397000000002,148.75,167.94646500000005,123.00000000000004,102.92969000000002,193.25000000000003,174.22653000000003
165,37.04659037189195,35.654802310183726,2.4395717555703276,2.486426605504587,1.3340177829472726,0.0,1.722,64.0,73.0,9.0,1.3383067586913129,277.7499999999999,266.4488,165.24999999999983,184.132765,97.00000000000009,106.959115,209.25000000000023,189.32151499999995
166,34.211855645720604,35.77739987579152,2.5190027686104033,2.5044332313965336,1.3365428485088773,0.0,1.722,64.0,73.0,11.0,1.3388929484073975,256.0000000000001,267.23949000000005,163.0,184.54185,117.99999999999993,106.11903500000001,210.75000000000006,189.407095
167,33.455800621964116,35.966140577253846,2.6021860502775898,2.4850280326197756,1.448285996758306,0.0,1.722,64.0,73.0,13.0,1.4487355452766801,230.99999999999994,248.266465,146.25000000000003,171.33867999999998,114.25,96.83870999999999,198.74999999999997,173.53685000000002
168,34.470001147851605,34.8983472948163,2.5064764067677423,2.574458205912335,1.3219815593649478,1.0,1.8,65.0,67.0,9.0,1.3216502341364729,260.75000000000006,264.05797999999993,168.75000000000006,186.488005,117.50000000000004,114.46317499999998,209.74999999999991,192.11982
169,32.2071274063899,34.92073658903168,2.633629004553091,2.57149745158002,1.3132772892310989,1.0,1.8,65.0,67.0,11.0,1.313090787480927,245.25000000000006,265.95189999999997,163.5,187.87400999999997,135.2499999999999,114.71263500000002,216.75,192.48930499999997
170,30.137653149484738,34.7435479989273,2.770753943878682,2.610600917431193,1.3410425309461833,1.0,1.8,65.0,67.0,13.0,1.3412035152767556,224.75,259.068075,152.00000000000023,184.15693000000005,147.99999999999994,113.76701000000003,221.24999999999977,188.57136
171,34.56963347891666,35.65541930662065,2.4795500007844966,2.6955254841997958,1.2118228253038779,0.0,1.742,66.0,66.0,9.0,1.2120540387857768,285.2500000000001,294.1767999999999,181.75000000000003,196.43873499999998,127.24999999999982,118.24747500000001,230.49999999999991,216.41348999999997
172,32.12430645901418,34.25026941817984,2.63886960561554,2.581585626911315,1.2523928570192369,0.0,1.742,66.0,66.0,11.0,1.251937491297129,256.5000000000001,273.590175,169.25000000000006,187.56387999999998,142.75000000000003,125.80519999999999,230.0,203.339895
173,29.50500218008412,34.2686950387929,2.8034234171694825,2.542687054026504,1.3366609641042446,0.0,1.742,66.0,66.0,13.0,1.336931126868008,220.74999999999991,256.35170000000005,152.49999999999994,181.06099,153.25000000000014,117.76502999999998,221.50000000000014,192.91466499999999
174,35.70744501938459,36.616849912813926,2.330325458134469,2.3663797145769623,1.3299552126008856,0.0,1.756,67.0,70.0,9.0,1.331971556512484,268.4999999999998,274.93947,175.25000000000028,184.04424500000005,107.50000000000009,100.052665,200.99999999999972,191.229755
175,33.27709340128157,36.09494845746051,2.4494447809274904,2.4355626911314987,1.3967338553987205,0.0,1.756,67.0,70.0,11.0,1.3973446720259386,238.24999999999991,258.31994000000003,161.75000000000003,176.15175500000004,119.50000000000007,99.539915,195.74999999999994,181.15102
176,31.277788895215203,35.94948648626479,2.5983391558797484,2.450183995922528,1.461596415683797,0.0,1.756,67.0,70.0,13.0,1.4605782487588577,213.99999999999994,246.14212500000002,148.0000000000001,168.854475,128.25000000000006,96.38532000000001,194.4999999999999,173.81465500000002
177,37.828418873044605,37.30488925859507,2.2718044166657587,2.3000662589194696,1.32148832651554,1.0,1.865,68.0,75.0,9.0,1.3209540075029833,286.24999999999994,282.411705,178.49999999999994,184.37486499999997,92.25,96.24026499999998,200.25000000000006,194.12463
178,34.637523349386086,36.41007316377956,2.4185755253867063,2.37474872579001,1.3373841239790836,1.0,1.865,68.0,75.0,11.0,1.3369066492566637,259.0,272.35218499999996,171.74999999999994,182.82183500000002,115.00000000000007,101.85823500000001,202.50000000000017,191.022685
179,32.79588598323416,36.4047846715142,2.478411914364937,2.377386340468909,1.372341078250721,1.0,1.865,68.0,75.0,13.0,1.371220475563343,239.0,265.509465,165.49999999999994,178.16001999999997,125.75000000000003,99.3914,199.25,186.199275
180,37.78193843105664,35.1709007021165,2.3186696685887926,2.49505249745158,1.420603194953607,0.0,1.577,69.0,58.0,9.0,1.421386208716286,265.99999999999994,247.473995,168.74999999999994,172.275985,85.50000000000007,104.15474499999998,183.00000000000003,179.93068
181,34.81580721695665,34.633579932753356,2.470453017501523,2.5754811416921504,1.4462379503845813,0.0,1.577,69.0,58.0,11.0,1.445761111834964,240.74999999999994,239.56948999999994,158.50000000000003,169.90570000000002,105.00000000000003,106.14611499999998,186.99999999999997,176.04099000000002
182,32.38184845732708,34.48616756819952,2.571802749455486,2.6112273190621806,1.4977993234140317,0.0,1.577,69.0,58.0,13.0,1.4971249703623843,216.24999999999991,230.36535999999995,146.24999999999986,164.60488999999998,117.50000000000007,103.92227499999998,187.7500000000001,169.73350999999997
183,36.40444142784243,35.988281248138726,2.376227846934489,2.397487257900102,1.321666290295034,0.0,1.68,70.0,69.0,9.0,1.3223733267960678,275.4999999999999,272.20548,172.50000000000009,184.38737499999996,102.75000000000003,105.65997999999999,205.99999999999994,193.703465
184,35.438143810579575,36.04431397517196,2.385441904891282,2.3815417940876658,1.4161148254667362,0.0,1.68,70.0,69.0,11.0,1.416390586079607,250.24999999999994,254.503145,165.75000000000009,172.35773499999996,102.50000000000007,98.44210000000001,186.99999999999994,181.449605
185,31.917974917874744,36.24141639705174,2.567190410649188,2.382913863404689,1.4694460881549776,0.0,1.68,70.0,69.0,13.0,1.4684857414229635,217.25000000000006,246.83332999999993,147.50000000000006,165.61362499999998,123.75,94.21345000000001,193.99999999999994,175.55779
186,39.290445617867675,37.41202080898009,2.3880846106897353,2.3018858307849137,1.5273759381788197,1.0,1.735,72.0,67.0,9.0,1.527742699928893,257.25000000000006,244.89257000000003,142.9999999999999,161.12482500000002,70.25000000000001,82.44607,184.50000000000006,166.23998
187,35.7903973838932,36.98326512931271,2.487442670890826,2.3407889908256885,1.5595664058165029,1.0,1.735,72.0,67.0,11.0,1.5584317371198304,229.50000000000009,237.336355,138.50000000000006,157.450755,91.49999999999991,83.1156,182.49999999999983,163.42021000000003
188,33.25534034556165,36.68207358997143,2.6509473318613472,2.3735973496432208,1.5950628178632473,1.0,1.735,72.0,67.0,13.0,1.5944473092753535,208.5,230.07148500000002,129.00000000000009,154.44511,104.99999999999993,84.01091500000001,184.74999999999991,159.60420999999997
189,37.5431247084356,35.73342398551442,2.5697698301686605,2.4592415902140674,1.438402077998827,1.0,1.885,73.0,73.0,9.0,1.4390813611529272,261.00000000000006,248.31416000000004,145.75000000000006,170.68350500000003,86.49999999999997,99.266755,201.49999999999994,177.02991000000003
190,34.1888009468357,34.83697517264619,2.7672461542418794,2.5659475025484193,1.464265950166678,1.0,1.885,73.0,73.0,11.0,1.4638946112648494,233.5,237.995505,138.00000000000003,167.49791999999997,107.99999999999997,103.45245,203.74999999999994,173.55258000000003
191,31.830479457833086,35.06548028035809,2.8460622436076846,2.541419469928644,1.4668945276996042,1.0,1.885,73.0,73.0,13.0,1.466136109433077,217.00000000000006,239.17543999999998,135.99999999999994,167.66933,124.0,102.05558500000001,205.00000000000009,173.34652
192,37.39190198099772,35.5809445020227,2.4251151763261873,2.4684949031600407,1.4110252490159592,1.0,1.8,74.0,69.0,9.0,1.4104509294858087,265.00000000000006,252.27330500000002,156.99999999999997,174.06125500000002,89.49999999999999,102.25127499999999,197.50000000000003,180.28139000000004
193,34.02172177000174,34.94321294018376,2.6215453588494233,2.556954638124363,1.4447492835862343,1.0,1.8,74.0,69.0,11.0,1.4421217998097315,235.49999999999991,242.32950999999997,146.50000000000003,170.65493999999998,110.50000000000004,104.55369,199.49999999999994,176.21018500000002
194,31.945959200472863,34.64080739445167,2.779741277980729,2.5920591233435264,1.4932650875514428,1.0,1.8,74.0,69.0,13.0,1.4938199567797863,214.00000000000006,231.91370999999995,136.50000000000006,164.76116,120.75,102.64212500000001,197.99999999999994,169.80596
195,35.94001054913752,35.14116736356725,2.317712768276031,2.5008022426095824,1.3237590683236837,0.0,1.683,75.0,63.0,9.0,1.3240786805015534,271.5,265.41026999999997,181.75000000000006,184.94925000000003,105.99999999999997,112.22178,196.0,192.536665
196,31.40137303828255,34.4623947435028,2.569438882835323,2.6138149847094803,1.3029787106487398,0.0,1.683,75.0,63.0,11.0,1.3032760206134966,240.99999999999986,264.45120000000003,171.24995000000004,187.95857999999996,142.75000000000006,119.09297000000001,212.50004999999996,196.03381000000002
197,30.345086237435197,34.88638274572595,2.634260769961743,2.5711977573904177,1.3904586879422196,0.0,1.683,75.0,63.0,13.0,1.390238562325152,218.25,250.950515,156.75000000000003,176.96856000000002,140.99999999999994,108.50006,202.5,182.38064999999997
198,36.34398217992045,36.00041124409929,2.4808426803200203,2.421296636085627,1.2991969081552623,1.0,1.9,76.0,74.0,9.0,1.2987067424122078,279.7499999999999,277.19931499999996,176.74994999999996,189.03553999999994,105.00000000000003,107.73188999999999,208.0000500000001,196.01439
199,33.5501621985882,35.4362632480638,2.603998578830285,2.482125891946993,1.3569173197455136,1.0,1.9,76.0,74.0,11.0,1.35705096234619,247.24999999999986,261.14316999999994,162.99999999999997,180.62217,121.25000000000011,107.06790000000001,205.49999999999994,187.67331
200,31.695556317702614,35.56208634847469,2.6756805744082337,2.468135066258919,1.3781308693982939,1.0,1.9,76.0,74.0,13.0,1.376834313152163,230.00000000000006,258.318545,157.75,178.10852500000001,133.24999999999994,105.287255,205.5,185.29414000000006
201,36.564669369301704,36.02204062797369,2.4325909067311144,2.4068817533129456,1.4352887189389496,1.0,1.7,77.0,60.0,9.0,1.4346416917831784,254.75,251.09166999999997,164.99999999999997,170.98788500000003,93.75000000000004,97.62268000000002,183.75,177.69506000000004
202,32.77081781795056,35.41717713940655,2.608706247810607,2.474926095820591,1.4998484829592453,1.0,1.7,77.0,60.0,11.0,1.4996589123409143,218.49999999999991,236.17774500000002,149.75000000000017,163.496125,115.00000000000009,97.130365,183.7499999999999,170.15533
203,31.590805754323203,35.34966255621527,2.6713608006733507,2.484546381243629,1.5486359570661896,1.0,1.7,77.0,60.0,13.0,1.548408573976636,204.0,228.30237500000004,140.49999999999994,158.492235,118.74999999999996,94.575515,182.24999999999997,164.448365
204,38.55708249914214,37.225984091633265,2.260419653237601,2.307809378185525,1.4071605100357352,0.0,1.705,78.0,58.0,9.0,1.4062439074666826,273.99999999999994,264.73949500000003,174.99999999999997,174.8533,81.5,91.14206999999999,180.5,181.09794999999997
205,35.41363729953235,36.12685647622503,2.416581477551744,2.3923078491335374,1.4425810807074682,0.0,1.705,78.0,58.0,11.0,1.442711642708347,245.49999999999991,250.41765999999998,164.24999999999994,169.822295,101.0,96.20008999999999,182.5,176.553315
206,33.49505068154342,36.09098824600146,2.4937170388689447,2.3877273190621815,1.4856227591273876,0.0,1.705,78.0,58.0,13.0,1.4790921217577953,225.5,244.02459000000005,154.0,165.468055,111.24999999999997,94.07532,182.75000000000006,172.85472499999997
207,40.29992743192181,37.54228129159533,2.2554253072145274,2.2843205912334357,1.3813120378478518,1.0,1.84,79.0,78.0,9.0,1.3805570943361092,291.75000000000006,271.94068,171.75000000000014,177.87184499999998,70.24999999999997,90.337285,190.49999999999994,184.356895
208,36.487518922196585,36.927023364338325,2.4646092626051637,2.3363175331294594,1.4020966836809066,1.0,1.84,79.0,78.0,11.0,1.400964579886131,260.2499999999999,263.5881,162.00000000000006,175.31908,96.25000000000004,93.35153999999999,194.49999999999994,181.55620000000005
209,33.9228953623928,36.64669057143312,2.553358347731367,2.371515290519877,1.4075846947810093,1.0,1.84,79.0,78.0,13.0,1.4073781606931068,240.99999999999994,260.40467500000005,158.0,174.72779999999997,114.5,95.04669000000001,197.50000000000003,180.40196500000005
210,37.29765286220241,36.33560604741814,2.4194231304270177,2.392508154943935,1.3866935993406717,1.0,1.725,80.0,69.0,9.0,1.3879716948603191,269.00000000000006,261.82749499999994,164.75000000000006,176.74338500000002,91.99999999999993,97.742395,196.24999999999994,182.46059999999994
211,35.132578235476004,36.1102504805978,2.5470468122800356,2.4314250764525993,1.429861679616365,1.0,1.725,80.0,69.0,11.0,1.4290412180901066,245.74999999999991,252.74955,151.25000000000003,172.76057,104.25000000000004,97.39965500000001,198.74999999999994,177.26624999999999
212,32.049461309510136,34.703801409365624,2.701762525056363,2.6123990825688077,1.4452404802372008,1.0,1.725,80.0,69.0,13.0,1.4512541132199785,221.75000000000006,239.45826499999993,145.24999999999991,169.74178999999998,124.24999999999991,105.86310499999999,200.75000000000006,175.63512999999998
213,38.127394024513215,35.88967723376093,2.422968615555977,2.4326997961264016,1.3827950306227148,1.0,1.824,81.0,76.0,9.0,1.3873114669163038,275.7499999999999,258.709525,157.24999999999994,176.86725499999997,85.50000000000009,101.66980999999998,204.00000000000009,183.60654
214,35.03806462854338,35.468409468252595,2.575163116257718,2.469030581039755,1.3795917540747313,1.0,1.824,81.0,76.0,11.0,1.3792198514938603,254.00000000000009,257.18938999999995,154.25000000000006,177.55129000000002,108.74999999999996,105.32421,208.74999999999994,184.94256499999997
215,32.183715573790025,35.21116766361583,2.7232677020049625,2.5018827726809376,1.3963565503214004,1.0,1.824,81.0,76.0,13.0,1.3959875068070324,230.49999999999991,252.251705,148.25000000000003,175.37230999999997,127.75000000000004,106.13705999999998,210.0,182.95226500000004
216,37.35319754875624,35.6053765236909,2.47756819680598,2.4640530071355755,1.3259206574376203,1.0,1.876,82.0,75.0,9.0,1.3258521026355727,281.7499999999999,268.56317,167.99999999999997,184.89225000000002,95.50000000000006,108.63496,209.50000000000006,192.357295
217,33.72101544216041,34.865619233861494,2.6212109590214063,2.5643761467889905,1.3276819024546722,1.0,1.876,82.0,75.0,11.0,1.3276816052804623,254.00000000000006,262.612575,162.99999999999997,184.787855,122.49999999999997,113.8468,213.5,191.67382999999998
218,32.442930873419044,34.93356916251567,2.6637989972137275,2.546422528032619,1.3880513436733612,1.0,1.876,82.0,75.0,13.0,1.3883963262623358,233.75000000000006,251.62373000000002,154.99999999999997,176.741245,126.49999999999991,108.32523499999999,205.25000000000006,183.56717
219,33.29312635747617,34.49661183840943,2.580541868912876,2.913583078491336,1.2297053363648087,1.0,1.726,84.0,61.0,9.0,1.218558531548522,270.75,283.09718499999997,169.25000000000003,173.61387499999995,136.00000000000003,127.2592,237.5,236.87317000000002
220,31.797137901721925,35.30408326150204,2.6713812702545416,2.5240698267074406,1.2912846329869172,1.0,1.726,84.0,61.0,11.0,1.2914641553407775,246.24999999999991,273.37205499999993,160.25,190.38922999999994,141.0,113.76042500000001,226.75,197.44770999999997
221,30.262963559141166,35.45191078813982,2.774969195172619,2.511515800203873,1.3405162351559967,1.0,1.726,84.0,61.0,13.0,1.3400713475192618,225.75,264.555215,149.75000000000003,184.33619,147.50000000000003,108.61084500000001,223.74999999999994,188.87342500000003
222,38.2993767378694,37.07027598116109,2.2462171390919585,2.341655963302752,1.408035231342094,0.0,1.672,86.0,60.0,9.0,1.3849380689008406,272.0,267.70059499999996,176.74999999999994,178.241135,82.99999999999997,93.621115,178.00000000000006,183.54378000000003
223,36.14332022506669,36.62039769759231,2.3237901973267383,2.379198267074414,1.4272116078121577,0.0,1.672,86.0,60.0,11.0,1.426368845701024,253.25,256.7606650000001,171.5,173.00083,97.49999999999999,94.035175,179.25000000000006,177.68086000000002
224,31.446721727023505,36.05465942309574,2.5199404266824255,2.450682976554537,1.4832856706421387,0.0,1.672,86.0,60.0,13.0,1.4831707945134407,212.0,243.097065,150.50000000000003,166.88647999999998,125.50000000000004,94.07909,187.0,170.189995
225,39.20112158585913,36.450976820535544,2.256982686663036,2.371583588175331,1.3111834888051308,1.0,1.859,87.0,73.0,9.0,1.3113289210990644,298.9999999999999,278.015035,188.00000000000009,187.19433999999998,82.00000000000011,102.93300500000001,192.99999999999997,193.74746
226,34.39878675420509,35.56522922135827,2.478411156214654,2.476403669724771,1.332627838550354,1.0,1.859,87.0,73.0,11.0,1.332724785510304,258.2500000000001,266.899565,173.49999999999991,184.520975,116.49999999999989,108.01587000000002,200.75000000000003,190.152215
227,33.41435394884937,35.4536360507511,2.553559510843003,2.491987767584098,1.3779654197614248,1.0,1.859,87.0,73.0,13.0,1.3714329839581005,242.49999999999994,258.5422750000001,167.25000000000003,179.091215,120.49999999999996,106.15856999999998,195.75000000000006,185.832785
228,36.18608782074125,34.847821364349315,2.5308846050003218,2.524867991845056,1.3124169661309129,0.0,1.615,88.0,53.0,9.0,1.2979047617040043,275.7499999999999,268.503665,167.24999999999997,187.85560500000003,105.0,116.76381500000005,214.25,197.16274500000003
229,35.3268859300383,34.53862717928085,2.5528854676477453,2.5392910295616717,1.3510095835152862,0.0,1.615,88.0,53.0,11.0,1.3559802387897766,261.50000000000006,254.721745,168.00000000000006,179.759935,108.74999999999997,114.09839999999997,202.24999999999997,189.242215
230,33.76747269437186,34.274779890036434,2.6352646528283072,2.553225280326197,1.4070287543841635,0.0,1.615,88.0,53.0,13.0,1.4078227153419443,240.00000000000006,243.47933000000003,163.74999999999991,172.69079,115.49999999999993,111.68702,191.7500000000001,182.53785999999997
231,38.42052837861719,36.508077780295174,2.34235729588716,2.376656982670744,1.4892785746258324,1.0,1.71,89.0,62.0,9.0,1.4881456533948556,258.0,245.33819499999998,154.24999999999983,165.61515000000003,77.75000000000003,90.8308,181.75000000000017,170.696135
232,34.259804444918956,35.85425620704929,2.4965698043207456,2.450540774719674,1.5226961333831563,1.0,1.71,89.0,62.0,11.0,1.523386925929334,225.00000000000006,235.361065,143.74999999999991,161.62891,103.49999999999991,92.879245,184.50000000000006,166.67343999999997
233,33.061097573000154,35.58817077085037,2.5216501260157154,2.4816636085626906,1.554132924696299,1.0,1.71,89.0,62.0,13.0,1.5536714632877353,212.74999999999994,229.06456000000003,144.7500000000001,158.62478000000002,109.0,92.84197499999998,176.99999999999986,163.31365
234,34.83802756331013,34.841301181000716,2.448552584336844,2.5762232415902138,1.505118024654585,1.0,1.81,91.0,70.0,9.0,1.5082960564030894,231.50000000000014,231.03188500000002,148.75000000000006,162.87107,100.49999999999986,100.04972000000002,182.99999999999997,168.45181499999998
235,31.99677758333605,34.58181697540169,2.6169591459180594,2.6217553516819567,1.5129422726131825,1.0,1.81,91.0,70.0,11.0,1.5131696216259256,211.49999999999994,228.54433,140.49999999999991,162.86486500000004,119.24999999999997,101.82829,190.00000000000006,167.60555000000002
236,31.006145518629587,34.91367987417688,2.6971218169193856,2.5793185524974507,1.548142383962236,1.0,1.81,91.0,70.0,13.0,1.5527104892741836,200.24999999999991,224.87590999999998,135.25000000000006,158.75991499999998,122.75000000000004,96.81928999999998,187.49999999999991,163.14696999999998
237,36.534579127701186,35.425164037503976,2.462878969688229,2.5075795107033634,1.4050998105984542,1.0,1.82,92.0,67.0,9.0,1.4053615853626176,260.0000000000001,252.090245,155.74999999999991,174.97178,95.99999999999993,103.19436499999999,200.50000000000009,180.668385
238,33.07132472515329,35.17792866369476,2.604126655140948,2.5362808358817532,1.4241063123385,1.0,1.82,92.0,67.0,11.0,1.4239462742708269,232.25000000000006,247.06709,149.75000000000006,173.073885,118.74999999999996,104.06193999999998,201.49999999999994,177.98658500000005
239,31.210568588851572,35.12038718416306,2.666696059354393,2.565292558613659,1.420146399933039,1.0,1.82,92.0,67.0,13.0,1.413648613151173,219.75,248.4753,148.5,174.99237999999997,132.75,105.18241500000002,204.0,178.2833
240,37.62374807657854,35.94088031201553,2.2471214230284917,2.421260448521916,1.3261205851233706,1.0,1.672,93.0,71.0,9.0,1.3250028553090005,283.75000000000006,271.34008500000004,185.49999999999994,185.335445,93.74999999999986,106.35418,192.25000000000006,192.46979499999998
241,35.32850587107369,35.43344644085995,2.3673436809049817,2.4900973496432206,1.3827553762265956,1.0,1.672,93.0,71.0,11.0,1.3839260203520614,255.50000000000009,256.04822499999995,172.75000000000006,177.453635,105.99999999999997,105.43748000000001,188.49999999999994,183.93031000000002
242,33.14952434847187,35.32070372544213,2.476089726346897,2.5012584097859323,1.3957490663493373,1.0,1.672,93.0,71.0,13.0,1.4121262906042062,237.49999999999994,250.17193000000003,165.25000000000003,173.71997000000005,120.75000000000007,103.70442000000003,192.99999999999997,180.15651499999998
243,40.818094388706264,37.60001438055282,2.1578387814131923,2.2671539245667685,1.4462541694991327,1.0,1.755,96.0,65.0,9.0,1.4471393607541614,282.25,259.83445500000005,160.99999999999991,169.26734500000003,63.24999999999994,85.55363,184.25000000000003,175.935065
244,37.658999551370314,37.072722246512875,2.2796690059118214,2.316796636085627,1.454120157883669,1.0,1.755,96.0,65.0,11.0,1.4543902825091475,258.99999999999994,254.90582500000005,155.2500000000001,168.58837,85.00000000000004,88.92934,188.74999999999994,175.35502000000002
245,33.819009926243425,36.121755214162796,2.493899569131039,2.397113149847095,1.4530852823881404,1.0,1.755,96.0,65.0,13.0,1.4534329304300482,232.74999999999991,248.54338999999996,148.24999999999994,168.42034,111.50000000000007,95.53796499999999,195.75000000000009,175.69071
246,37.45165190757426,35.48311683532596,2.4862205897575906,2.492315494393476,1.3281056218292921,1.0,1.845,97.0,73.0,9.0,1.3278323311421885,282.0,267.23498000000006,172.75,185.303185,94.2499999999999,109.596155,203.50000000000003,191.56907
247,34.075730878107045,35.04055662355192,2.6563622209372197,2.5553542303771666,1.3588377717874653,1.0,1.845,97.0,73.0,11.0,1.3579616777841577,250.75,258.05201,161.75,181.27826499999998,117.24999999999997,110.18866,206.25,186.689655
248,32.762367619826804,35.072512200096966,2.7541101812075413,2.547807849133538,1.3737388940337856,1.0,1.845,97.0,73.0,13.0,1.3758983384615833,238.5,254.91424499999994,155.24999999999997,178.73343500000001,125.24999999999997,108.29433000000002,208.25,184.416715
249,38.17344468990042,36.38208441573463,2.390520167701913,2.3751697247706423,1.4150705080055097,1.0,1.835,98.0,64.0,9.0,1.4144814357799402,269.7499999999999,257.21772,163.24999999999994,173.372885,84.0,96.45066500000001,190.00000000000003,179.98347000000004
250,36.57565314896324,36.01182399808575,2.473092066934134,2.4122721712538224,1.465868294716196,1.0,1.835,98.0,64.0,11.0,1.465480185784833,249.49999999999994,245.75202000000004,153.50000000000003,167.39009000000001,91.75000000000003,95.55778000000002,187.50000000000006,173.707735
251,34.284053443790384,36.055527613131716,2.5566495296427476,2.394594291539245,1.4390825066400101,1.0,1.835,98.0,64.0,13.0,1.4413681071959838,238.25,250.16794999999996,154.00000000000006,169.416315,109.49999999999996,96.45714000000001,193.5,177.60406999999995
252,35.361237049017056,35.425587689373856,2.352894745932024,2.4954332313965337,1.4186542760950647,0.0,1.63,99.0,52.0,9.0,1.419384417206181,249.25000000000006,249.60056500000002,161.50000000000006,173.36340499999997,102.74999999999996,102.173955,190.49999999999997,178.49404000000004
253,29.768803485094526,34.73525358048645,2.6648840457640715,2.632018858307849,1.334770687244749,0.0,1.63,99.0,52.0,11.0,1.3287052019551593,223.0,261.43496500000003,155.24999999999997,186.91628,151.5,115.09114000000002,221.0,189.360905
254,28.26569524067765,33.847997062844605,2.8157166969699334,2.7853990825688077,1.4171334539220686,0.0,1.63,99.0,52.0,13.0,1.4328293093564384,199.5000000000001,236.2828,137.24999999999994,172.728605,153.2499999999999,112.58692,211.5,176.01340499999998
255,39.94571604079117,36.258829991721726,2.3434948944626113,2.396220693170234,1.472862671527305,1.0,1.815,100.0,67.0,9.0,1.4728122246810622,271.25000000000006,246.19829,155.75,167.40949499999996,68.24999999999991,93.27946,183.99999999999997,173.00088999999997
256,35.36672417844647,35.36524126696635,2.545604867863406,2.493523445463812,1.5049666285671874,1.0,1.815,100.0,67.0,11.0,1.504188717978756,234.99999999999977,235.11396000000005,146.00000000000017,163.43616,97.50000000000021,97.47722000000002,186.49999999999986,169.19494500000002
257,32.236316064334844,34.98471574329959,2.738351981664301,2.534593272171254,1.5333133438876705,1.0,1.815,100.0,67.0,13.0,1.5354137668665777,210.25,227.86467,136.24999999999994,159.67167999999998,115.99999999999997,97.55232500000001,190.00000000000009,165.81986
258,31.64478798181844,34.40118084726546,2.873419509740569,2.6094266055045865,1.3464793956612033,1.0,1.765,102.0,56.0,9.0,1.3448017784145512,235.00000000000017,255.817255,141.50000000000006,182.4368,136.2499999999998,115.89193500000002,230.49999999999986,189.30199
259,30.764002201200945,34.59722147760719,2.873177514219317,2.5874816513761467,1.409786819277789,1.0,1.765,102.0,56.0,11.0,1.4134927037390708,218.24999999999991,244.82307500000002,137.50000000000006,173.21150999999995,136.5,108.432635,217.49999999999991,180.07794499999997
260,27.656056529173828,34.548861713423825,3.130535681157906,2.603297655453619,1.3795215774777647,1.0,1.765,102.0,56.0,13.0,1.3805800100470633,200.49999999999986,250.26308499999996,133.00000000000006,177.660775,162.0000000000001,111.84644499999997,229.5,184.72304000000003
261,38.824646662429345,36.12128464008,2.1620385424497277,2.3911141692150872,1.3206164840747499,0.0,1.705,103.0,59.0,9.0,1.3221292930548292,294.0,273.22918500000003,190.75000000000006,185.528425,84.50000000000003,104.76778000000002,187.75,192.54609499999998
262,37.328346079225845,36.04500491018978,2.2176629213799077,2.415441896024465,1.369996827730143,0.0,1.705,103.0,59.0,11.0,1.3714992353036752,272.4999999999999,262.8512549999999,181.99999999999991,179.14718499999998,92.5000000000001,101.64467500000002,183.0000000000001,185.78552
263,35.198832882910054,36.05412407927395,2.314647844603509,2.4197329255861373,1.4338124013584386,0.0,1.705,103.0,59.0,13.0,1.4338813954616585,245.50000000000006,251.45952000000003,168.74999999999994,171.61532,103.24999999999997,97.19253499999999,180.00000000000003,177.53555000000006
264,35.22626769606171,36.33931556309178,2.4333332211170577,2.4013970438328234,1.3510024060238381,1.0,1.745,104.0,64.0,9.0,1.3508980897631881,260.75,269.0131549999999,169.50000000000003,181.90041000000002,110.0,101.37149500000001,200.75000000000003,188.35432999999998
265,32.9417184970673,35.90722429081089,2.5893338830162667,2.4471799184505607,1.3856031098982196,1.0,1.745,104.0,64.0,11.0,1.3846837335539335,237.74999999999994,259.333435,161.74999999999994,177.67371999999997,123.25,101.87190000000001,198.99999999999997,183.33670999999998
266,31.59436197253965,35.730087404843076,2.669304935627068,2.4709011213047907,1.4887915617138536,1.0,1.745,104.0,64.0,13.0,1.488296723435279,212.25,240.07826499999996,144.75000000000006,165.007795,123.50000000000003,95.83552499999999,191.0,170.56883
267,37.78543807468849,35.46895224466018,2.2857139537987714,2.4813419979612634,1.3666717493274956,1.0,1.695,105.0,74.0,9.0,1.3675760212108643,276.5,259.38314,175.75000000000006,179.28921,89.24999999999997,105.94415999999998,189.99999999999994,186.26817000000003
268,31.37001473096995,34.08858724029951,2.721685236437693,2.695650356778797,1.4541123696921054,1.0,1.695,105.0,74.0,11.0,1.4534070526842062,215.74999999999991,234.556565,139.50000000000003,169.481815,128.0,109.31676,204.24999999999997,174.53533
269,30.579777072922287,34.40210466520514,2.670704904825471,2.6294459734964324,1.456205599487032,1.0,1.695,105.0,74.0,13.0,1.4563162021281344,210.0,236.25930999999997,142.50000000000006,168.65643500000002,133.25000000000003,106.66667500000001,200.99999999999991,174.69811499999997
270,36.972175452903876,36.75455059204577,2.341442790410121,2.3450616717635064,1.3335892099801232,0.0,1.7180000000000002,106.0,60.0,9.0,1.3335624866732623,277.24999999999983,275.64757,171.50000000000006,183.763475,98.00000000000004,99.74996500000003,203.49999999999994,191.581605
271,34.99489770773532,36.189381160215405,2.4159180219332574,2.387253312945973,1.3984067625027345,0.0,1.7180000000000002,106.0,60.0,11.0,1.3989899443106975,250.25,258.710265,162.25000000000006,174.59801499999998,107.5,98.73071500000002,195.24999999999991,182.929615
272,33.11577936877277,36.15113645767006,2.4899754598718777,2.38720744138634,1.4589514168547015,0.0,1.7180000000000002,106.0,60.0,13.0,1.4578218154399813,227.0,248.00580000000005,152.50000000000003,167.04477500000002,115.99999999999996,94.683295,190.5,175.47492
273,42.521806475129104,37.106721055528034,2.0409913548032192,2.2369011213047907,1.256413822278275,1.0,1.804,108.0,79.0,9.0,1.2554284880473723,338.50000000000017,295.63397499999996,210.00000000000009,194.23988,59.499999999999865,102.50294000000001,188.24999999999983,204.02982499999996
274,40.07695569921482,37.28005732643426,2.051438571926592,2.2110244648318043,1.2896812161330842,1.0,1.804,108.0,79.0,11.0,1.2903948767458062,310.75,288.9282099999999,206.74999999999994,187.23189499999998,77.24999999999997,98.58829999999999,181.24999999999997,201.210445
275,37.320344029098784,36.62663721240638,2.154970938052302,2.214808868501529,1.3474479233335221,1.0,1.804,108.0,79.0,13.0,1.3460347113523974,276.9999999999999,272.131935,190.2500000000002,176.67088999999999,94.25000000000001,99.57479500000001,180.99999999999983,194.63575500000002
276,35.591286788671376,35.929957079103104,2.2954641596764045,2.4081350662589194,1.2768483113176827,0.0,1.66,109.0,60.0,9.0,1.2772074408977987,278.7499999999999,281.33768,183.24999999999991,190.712375,113.00000000000007,110.24221000000003,208.75000000000009,200.989885
277,33.254602850358296,35.34834880667741,2.370865897469794,2.443784403669725,1.3685618780176443,0.0,1.66,109.0,60.0,11.0,1.3685070860266164,242.99999999999994,258.31095999999997,167.25,177.96491,122.75000000000004,107.14141500000001,198.49999999999994,187.14639499999998
278,30.88306424187593,34.940603343003076,2.543761821699275,2.514715596330275,1.4348547330544423,0.0,1.66,109.0,60.0,13.0,1.4360037489469488,215.25000000000006,243.34597999999997,150.5000000000001,170.031,133.24999999999994,104.86565500000002,197.99999999999991,178.57931500000004
279,36.972886469820125,36.411954790197676,2.316762765618035,2.392428134556574,1.3822633316073647,0.0,1.6369999999999998,110.0,56.0,9.0,1.3847890938672964,267.5,262.95736000000005,170.00000000000006,177.06084500000003,94.24999999999997,97.805935,191.75,183.95640500000002
280,35.91731061732667,36.18713292920158,2.354421756886527,2.3830377166156986,1.448361459261315,0.0,1.6369999999999998,110.0,56.0,11.0,1.4528101675341656,248.00000000000006,249.1185000000001,162.0,168.321785,97.24999999999996,94.743415,183.0,176.06687
281,34.38297932692672,35.557126195903045,2.4063840667610132,2.4310489296636084,1.5147633923891244,0.0,1.6369999999999998,110.0,56.0,13.0,1.5148425408066992,227.0,234.75008500000004,150.25,161.20325499999998,102.75000000000003,95.415515,179.50000000000006,168.70138
282,32.6454587528563,35.039826038007384,2.8402461861928385,2.5245927624872575,1.3085522456596685,1.0,1.74,111.0,70.0,9.0,1.3086571089193508,249.49999999999994,267.77107,154.49999999999997,186.93646500000003,132.75000000000006,114.258475,227.50000000000006,195.20090000000002
283,31.27483741337877,35.19616305063023,2.871094359955215,2.500400101936799,1.343715599541129,1.0,1.74,111.0,70.0,11.0,1.3430747407142984,232.75000000000009,262.06184999999994,150.75,182.47558,139.74999999999994,110.37884,221.75,189.920935
284,28.786582298627547,35.1234509788122,3.0571396562831983,2.5212533129459738,1.3643096487637618,1.0,1.74,111.0,70.0,13.0,1.3633997819799537,211.00000000000006,257.62099,141.75000000000006,179.90156500000003,155.49999999999994,109.03178000000003,224.74999999999991,186.26887000000002
285,39.86205877638788,34.29680073530563,2.2584427894485684,2.3182680937818554,1.325588329543422,1.0,1.725,112.0,79.0,9.0,1.3263881016011798,300.7500000000002,258.61073999999996,176.7500000000001,174.769855,76.74999999999986,118.13598999999999,200.2499999999999,202.11419
286,35.95719074809271,33.3796445346885,2.39127522462148,2.4799867482161058,1.3685419352856765,1.0,1.725,112.0,79.0,11.0,1.3687472206348317,262.7500000000001,243.882305,166.99999999999994,171.52937999999997,102.49999999999986,121.29037999999998,198.25000000000006,193.60165499999997
287,33.734677967129656,33.19804905067487,2.4789459408338534,2.522005096839959,1.4385805602405615,1.0,1.725,112.0,79.0,13.0,1.437153759132244,234.50000000000009,231.03580999999994,157.5,163.78417499999998,113.24999999999986,117.00828999999996,190.25000000000006,184.38611999999995
288,37.64162769078591,35.20886437318475,2.3946014264694377,2.518540774719673,1.4085620451432714,1.0,1.824,113.0,75.0,9.0,1.4086407654121613,267.25000000000006,249.960145,157.0,174.42233500000003,87.74999999999994,104.853415,197.99999999999997,180.40453500000004
289,35.19640653648208,34.6927303314903,2.5633032066241728,2.5851834862385323,1.4322564987263284,1.0,1.824,113.0,75.0,11.0,1.4313195553717097,245.75,242.410905,147.50000000000003,171.33726,103.24999999999996,106.46888499999997,201.74999999999994,177.825595
290,33.64199430843463,34.626960600214744,2.5818749937477237,2.5801218144750253,1.4837988840743477,1.0,1.824,113.0,75.0,13.0,1.4846523857763487,226.75,233.24517500000002,142.25,164.97633000000002,110.25,103.50803,194.50000000000003,171.66376
291,32.83163417340014,35.0969224871968,2.7786947616604034,2.549512742099897,1.2579164655631525,1.0,1.831,114.0,67.0,9.0,1.259901473133689,261.0000000000001,278.58019,161.00000000000003,191.635085,136.25000000000003,118.079645,236.24999999999994,205.12670500000004
292,28.689401113028765,34.33407191005885,3.107868060784374,2.645089194699286,1.2821890931721127,1.0,1.831,114.0,67.0,11.0,1.2812426407790292,223.74999999999991,267.982485,147.49999999999994,191.10194500000003,166.25000000000009,122.39313999999999,242.75,198.97449
293,28.53265190176749,34.93943923635136,3.0775601416439,2.5648144750254835,1.3132491396592438,1.0,1.831,114.0,67.0,13.0,1.3135985127067524,217.24999999999994,265.98654,145.50000000000006,187.07255,163.74999999999997,114.68316,235.00000000000006,193.50949999999997
294,43.23762763280497,36.11949067104335,2.0552628167571703,2.14553873598369,1.508077709971497,1.0,1.825,115.0,86.0,9.0,1.5092605561760097,286.74999999999994,239.363515,161.99999999999997,153.24649,44.24999999999999,91.38426,169.25000000000009,177.33071
295,38.33633400696619,34.12945831401276,2.2863188373040373,2.298037206931702,1.5227756101554297,1.0,1.825,115.0,86.0,11.0,1.5245881557072145,251.75000000000009,223.89015999999992,154.25,150.635725,76.5,103.930035,174.0,177.33890499999998
296,37.26335744105237,35.047001409988695,2.3079955920743247,2.4209057084607535,1.5207719977306629,1.0,1.825,115.0,86.0,13.0,1.5200687021004495,244.99999999999994,230.61165499999998,156.00000000000006,157.39566500000004,83.99999999999999,97.92221500000001,173.25,171.18507499999998
297,33.626846528651505,33.868893146707464,2.5699077651676823,2.539891946992864,1.3492385375372886,0.0,1.73,116.0,68.0,9.0,1.34959667935929,249.25,250.98991500000002,157.75000000000006,177.87619,121.25,119.22103,212.74999999999994,192.29761999999994
298,33.06950731054131,33.69001671730784,2.590510711347792,2.59075127420999,1.4410010824479702,0.0,1.73,116.0,68.0,11.0,1.4392662726730263,229.5,234.09561,146.50000000000003,167.36876,117.75000000000003,113.2213,200.49999999999994,179.90796500000002
299,31.43839029219808,33.781554149221535,2.608380385395253,2.5444755351681954,1.5149659252654595,0.0,1.73,116.0,68.0,13.0,1.5202132820502687,207.5,222.24972499999996,138.24999999999994,157.74015999999997,122.49999999999993,106.76192499999999,191.5,171.336725
